{"chunk_definitions":[{"row":9,"row_count":1,"visible":true,"expansion_state":0,"options":{"engine":"r","label":"setup","include":false,"dev":"png"},"document_id":"15EE53C5","chunk_id":"csetup_chunk","chunk_label":"setup"},{"row":18,"row_count":1,"visible":true,"expansion_state":0,"options":{"engine":"r","label":"packages","warning":false,"dev":"png"},"document_id":"15EE53C5","chunk_id":"cxgc7pqzp744f","chunk_label":"packages"},{"row":27,"row_count":1,"visible":true,"expansion_state":0,"options":{"engine":"r","label":"loading data","dev":"png"},"document_id":"15EE53C5","chunk_id":"c8jlqa66tpbkq","chunk_label":"loading data"},{"row":38,"row_count":1,"visible":true,"expansion_state":0,"options":{"engine":"r","label":"data","dev":"png"},"document_id":"15EE53C5","chunk_id":"cd2e4py3kivn0","chunk_label":"data"},{"row":55,"row_count":1,"visible":true,"expansion_state":0,"options":{"engine":"r","label":"data cleaning","dev":"png"},"document_id":"15EE53C5","chunk_id":"cxhsx626th2jd","chunk_label":"data cleaning"},{"row":66,"row_count":1,"visible":true,"expansion_state":0,"options":{"engine":"r","label":"regions subset","dev":"png"},"document_id":"15EE53C5","chunk_id":"cdpiifh88pbia","chunk_label":"regions subset"},{"row":85,"row_count":1,"visible":true,"expansion_state":0,"options":{"engine":"r","label":"world population change","warning":false,"dev":"png"},"document_id":"15EE53C5","chunk_id":"c86d2k5weuc9h","chunk_label":"world population change"},{"row":97,"row_count":1,"visible":true,"expansion_state":0,"options":{"engine":"r","label":"world population change visualisation","warning":false,"dev":"png"},"document_id":"15EE53C5","chunk_id":"cy4345xam9hhm","chunk_label":"world population change visualisation"},{"row":108,"row_count":1,"visible":true,"expansion_state":0,"options":{"engine":"r","label":"region populations","dev":"png"},"document_id":"15EE53C5","chunk_id":"cxf0syanb5knu","chunk_label":"region populations"},{"row":128,"row_count":1,"visible":true,"expansion_state":0,"options":{"engine":"r","label":"region data to long","warning":false,"dev":"png"},"document_id":"15EE53C5","chunk_id":"c271ka0ltg82r","chunk_label":"region data to long"},{"row":142,"row_count":1,"visible":true,"expansion_state":0,"options":{"engine":"r","label":"unnamed-chunk-2","dev":"png"},"document_id":"15EE53C5","chunk_id":"c4jk6ct0i13pp","chunk_label":"unnamed-chunk-1"},{"row":154,"row_count":1,"visible":true,"expansion_state":0,"options":{"engine":"r","label":"population of countries","dev":"png"},"document_id":"15EE53C5","chunk_id":"ck34i4nmr5sqt","chunk_label":"population of countries"},{"row":168,"row_count":1,"visible":true,"expansion_state":0,"options":{"engine":"r","label":"most populous countries","dev":"png"},"document_id":"15EE53C5","chunk_id":"cygfg8rj52pob","chunk_label":"most populous countries"},{"row":183,"row_count":1,"visible":true,"expansion_state":0,"options":{"engine":"r","label":"least populous countries","dev":"png"},"document_id":"15EE53C5","chunk_id":"c7rn772zdzbjr","chunk_label":"least populous countries"},{"row":199,"row_count":1,"visible":true,"expansion_state":0,"options":{"engine":"r","label":"unnamed-chunk-3","dev":"png"},"document_id":"15EE53C5","chunk_id":"c8x3hmq90cnra","chunk_label":"unnamed-chunk-2"},{"row":214,"row_count":1,"visible":true,"expansion_state":0,"options":{"engine":"r","label":"unnamed-chunk-4","dev":"png"},"document_id":"15EE53C5","chunk_id":"c0l68ajaf6e82","chunk_label":"unnamed-chunk-3"},{"row":230,"row_count":1,"visible":true,"expansion_state":0,"options":{"engine":"r","label":"unnamed-chunk-5","dev":"png"},"document_id":"15EE53C5","chunk_id":"crmfv2aanavgl","chunk_label":"unnamed-chunk-4"},{"row":270,"row_count":1,"visible":true,"expansion_state":0,"options":{"engine":"r","label":"unnamed-chunk-6","dev":"png"},"document_id":"15EE53C5","chunk_id":"cotbfpqtnb23j","chunk_label":"unnamed-chunk-5"},{"row":283,"row_count":1,"visible":true,"expansion_state":0,"options":{"engine":"r","label":"unnamed-chunk-9","dev":"png"},"document_id":"15EE53C5","chunk_id":"c91d4sqzayna3","chunk_label":"unnamed-chunk-6"},{"row":297,"row_count":1,"visible":true,"expansion_state":0,"options":{"engine":"r","label":"unnamed-chunk-8","dev":"png"},"document_id":"15EE53C5","chunk_id":"cmgfvsvrll55v","chunk_label":"unnamed-chunk-7"}],"doc_write_time":1728639565,"working_dir":null,"default_chunk_options":{"echo":true},"chunk_rendered_width":660}